Localtime,lux,Ambient Temp (degree Celcius),Humidity (%RH),Pressure (mb)
24/10/20 01:32:14,0.24,32.4392700195312,71.5576171875,1001.28
24/10/20 01:38:56,0.24,32.388916015625,72.3388671875,1001.18
24/10/20 01:43:58,0.24,32.2479248046875,72.406005859375,1000.92
24/10/20 01:48:59,0.24,32.26806640625,72.308349609375,1001
24/10/20 01:54:01,0.24,32.3587036132812,72.0458984375,1000.94
24/10/20 02:00:33,0.24,32.066650390625,73.089599609375,1000.82
24/10/20 02:05:34,0.24,32.0465087890625,73.480224609375,1000.82
24/10/20 02:10:36,0.24,31.9357299804687,73.931884765625,1000.9
24/10/20 02:15:37,0.24,32.4392700195312,72.1435546875,1000.77
24/10/20 02:20:39,0.24,32.6809692382812,71.10595703125,1000.67
24/10/20 02:25:40,0.24,32.7212524414062,70.904541015625,1000.56
24/10/20 02:30:42,0.24,32.7212524414062,70.904541015625,1000.52
24/10/20 02:35:43,0.24,32.7212524414062,71.10595703125,1000.56
24/10/20 02:40:45,0.24,32.6910400390625,71.10595703125,1000.54
24/10/20 02:45:46,0.24,32.6608276367187,71.30126953125,1000.43
24/10/20 02:50:48,0.24,32.6507568359375,71.30126953125,1000.46
24/10/20 02:55:49,0.24,32.6507568359375,71.20361328125,1000.36
24/10/20 03:00:50,0.24,32.630615234375,71.39892578125,1000.3
24/10/20 03:05:52,0.24,32.6104736328125,71.59423828125,1000.42
24/10/20 03:10:53,0.24,32.6104736328125,71.59423828125,1000.43
24/10/20 03:15:55,0.24,32.6104736328125,71.49658203125,1000.34
24/10/20 03:20:56,0.24,32.630615234375,71.69189453125,1000.14
24/10/20 03:25:58,0.24,32.630615234375,71.59423828125,1000.36
24/10/20 03:30:59,0.24,32.6205444335937,71.49658203125,1000.31
24/10/20 03:36:00,0.24,32.6104736328125,71.59423828125,1000.25
24/10/20 03:41:02,0.24,32.6205444335937,71.78955078125,1000.17
24/10/20 03:46:03,0.24,32.6104736328125,71.78955078125,1000.18
24/10/20 03:51:05,0.24,32.5802612304687,71.88720703125,1000.21
24/10/20 03:56:06,0.24,32.59033203125,71.88720703125,1000.14
24/10/20 04:01:08,0.24,32.5802612304687,71.88720703125,1000.11
24/10/20 04:06:09,0.24,32.5601196289062,72.08251953125,1000.11
24/10/20 04:11:11,0.24,32.5601196289062,72.18017578125,1000.24
24/10/20 04:16:12,0.24,32.5299072265625,72.1435546875,1000.26
24/10/20 04:21:13,0.32,32.5601196289062,72.27783203125,1000.39
24/10/20 04:26:15,0.32,32.5802612304687,72.27783203125,1000.52
24/10/20 04:31:16,0.32,32.5802612304687,72.27783203125,1000.51
24/10/20 04:36:18,0.32,32.5601196289062,72.37548828125,1000.42
24/10/20 04:41:19,0.32,32.5601196289062,72.37548828125,1000.54
24/10/20 04:46:21,0.32,32.5399780273437,72.3388671875,1000.54
24/10/20 04:51:22,0.32,32.5399780273437,72.3388671875,1000.54
24/10/20 04:56:23,0.32,32.5399780273437,72.3388671875,1000.57
24/10/20 05:01:25,0.32,32.5802612304687,72.37548828125,1000.65
24/10/20 05:06:26,0.32,32.5299072265625,72.6318359375,1000.85
24/10/20 05:11:28,0.32,32.4996948242187,72.735595703125,1001
24/10/20 05:16:29,0.32,32.3184204101562,71.3623046875,1001.14
24/10/20 05:21:31,0.32,32.0565795898437,70.83740234375,1001.05
24/10/20 05:26:32,0.32,31.986083984375,71.13037109375,1000.99
24/10/20 05:31:34,0.32,31.905517578125,71.588134765625,1000.85
24/10/20 05:36:35,0.32,31.8954467773437,70.8984375,1000.85
24/10/20 05:41:37,0.24,31.865234375,70.60546875,1000.91
24/10/20 05:46:38,0.24,31.865234375,70.60546875,1000.91
24/10/20 05:51:39,0.24,31.8753051757812,70.5078125,1000.86
24/10/20 05:56:41,0.24,31.8954467773437,70.5078125,1000.83
24/10/20 06:01:42,0.24,31.9155883789062,70.3125,1000.75
24/10/20 06:06:44,0.24,31.9155883789062,70.60546875,1000.8
24/10/20 06:11:45,0.24,31.94580078125,70.73974609375,1000.79
24/10/20 06:16:46,0.24,31.9659423828125,70.73974609375,1000.9
24/10/20 06:21:48,0.4,31.9659423828125,71.13037109375,1000.87
24/10/20 06:26:49,0.88,31.986083984375,71.22802734375,1000.9
24/10/20 06:31:51,1.92,31.9659423828125,71.71630859375,1000.82
24/10/20 06:36:52,4.16,32.0162963867187,71.71630859375,1000.81
24/10/20 06:41:54,14.29,32.0162963867187,71.71630859375,1000.87
24/10/20 06:46:55,62.5,32.0465087890625,71.91162109375,1001.05
24/10/20 06:51:56,157.84,32.066650390625,72.015380859375,1001.08
24/10/20 06:56:58,310.32,32.066650390625,72.015380859375,1001.23
24/10/20 07:01:59,510.56,32.1170043945312,71.91162109375,1001.37
24/10/20 07:07:01,710.72,32.1673583984375,71.91162109375,1001.38
24/10/20 07:12:02,971.84,32.2076416015625,72.210693359375,1001.53
24/10/20 07:17:04,1286.72,32.2882080078125,71.9482421875,1001.57
24/10/20 07:22:05,1578.88,32.388916015625,71.6552734375,1001.55
24/10/20 07:27:06,1810.56,32.4896240234375,71.2646484375,1001.63
24/10/20 07:32:08,1975.04,32.5802612304687,70.904541015625,1001.78
24/10/20 07:37:09,2350.08,32.711181640625,70.318603515625,1001.73
24/10/20 07:42:11,2699.52,32.8521728515625,69.830322265625,1001.85
24/10/20 07:47:12,3089.92,32.9931640625,69.66552734375,1001.77
24/10/20 07:52:14,3589.12,33.1744384765625,69.1162109375,1001.89
24/10/20 07:57:15,3340.8,33.3255004882812,68.719482421875,1001.98
24/10/20 08:02:17,3141.12,33.4060668945312,68.328857421875,1001.94
24/10/20 08:07:18,3242.24,33.4967041015625,67.87109375,1001.93
24/10/20 08:12:20,3303.68,33.5671997070312,67.67578125,1001.96
24/10/20 08:17:21,3508.48,33.6477661132812,67.67578125,1002.07
24/10/20 08:22:22,3797.76,33.71826171875,67.48046875,1002.15
24/10/20 08:27:24,3740.16,33.7686157226562,67.315673828125,1002.36
24/10/20 08:32:25,4284.16,33.8894653320312,67.022705078125,1002.43
24/10/20 08:37:27,4416,33.9398193359375,66.632080078125,1002.47
24/10/20 08:42:28,4761.6,34.1110229492187,66.168212890625,1002.5
24/10/20 08:47:30,5258.24,34.2620849609375,65.386962890625,1002.41
24/10/20 08:52:31,6236.16,34.5037841796875,64.825439453125,1002.41
24/10/20 08:57:32,6256.64,34.6347045898437,64.239501953125,1002.39
24/10/20 09:02:34,6223.36,34.7555541992187,63.775634765625,1002.37
24/10/20 09:07:35,6640.64,34.9771118164062,63.31787109375,1002.48
24/10/20 09:12:37,6988.8,35.128173828125,62.042236328125,1002.36
24/10/20 09:17:38,6597.12,35.2188110351562,62.237548828125,1002.34
24/10/20 09:22:40,6200.32,35.2389526367187,63.055419921875,1002.46
24/10/20 09:27:41,5923.84,35.289306640625,62.65869140625,1002.7
24/10/20 09:32:43,6348.8,35.4000854492187,62.26806640625,1002.68
24/10/20 09:37:44,7808,35.6820678710937,61.41357421875,1002.51
24/10/20 09:42:46,8243.2,35.9237670898437,60.260009765625,1002.48
24/10/20 09:47:47,9387.52,36.2057495117187,59.3994140625,1002.53
24/10/20 09:52:48,12851.2,36.900634765625,57.28759765625,1002.51
24/10/20 09:57:50,11371.52,37.303466796875,55.865478515625,1002.48
24/10/20 10:02:51,11678.72,37.5552368164062,54.803466796875,1002.45
24/10/20 10:07:53,9418.24,36.9711303710937,55.7373046875,1002.51
24/10/20 10:12:54,8872.96,36.29638671875,57.62939453125,1002.55
24/10/20 10:17:56,8752.64,36.4776611328125,57.26318359375,1002.62
24/10/20 10:22:57,9477.12,36.1151123046875,58.02001953125,1002.57
24/10/20 10:27:59,11182.08,36.4373779296875,56.866455078125,1002.65
24/10/20 10:33:00,13086.72,36.6690063476562,54.69970703125,1002.58
24/10/20 10:38:01,13726.72,36.8704223632812,54.034423828125,1002.59
24/10/20 10:43:03,13199.36,37.0919799804687,52.386474609375,1002.55
24/10/20 10:48:04,13680.64,37.4041748046875,51.422119140625,1002.57
24/10/20 10:53:06,11171.84,37.1121215820312,51.98974609375,1002.69
24/10/20 10:58:07,10690.56,37.061767578125,51.79443359375,1002.62
24/10/20 11:03:09,10227.2,36.7697143554687,52.655029296875,1002.66
24/10/20 11:08:10,13409.28,37.303466796875,51.617431640625,1002.64
24/10/20 11:13:12,13890.56,37.2732543945312,51.422119140625,1002.58
24/10/20 11:18:13,13706.24,37.303466796875,51.226806640625,1002.54
24/10/20 11:23:15,13931.52,37.7163696289062,50.5615234375,1002.56
24/10/20 11:28:16,14187.52,37.7767944335937,49.493408203125,1002.41
24/10/20 11:33:17,13629.44,37.5350952148437,49.76806640625,1002.48
24/10/20 11:38:19,13588.48,37.5955200195312,49.67041015625,1002.48
24/10/20 11:43:20,14842.88,37.8170776367187,49.395751953125,1002.36
24/10/20 11:48:22,15206.4,37.7163696289062,49.371337890625,1002.3
24/10/20 11:53:23,13987.84,37.98828125,49.005126953125,1002.14
24/10/20 11:58:25,14336,38.1393432617187,48.333740234375,1002.13
24/10/20 12:03:26,12805.12,38.3709716796875,48.05908203125,1001.97
24/10/20 12:08:27,9664,37.8170776367187,48.9013671875,1001.91
24/10/20 12:13:29,10209.28,37.8070068359375,48.9013671875,1001.83
24/10/20 12:18:30,9505.28,37.464599609375,50.238037109375,1001.8
24/10/20 12:23:32,7600.64,37.061767578125,51.0009765625,1001.73
24/10/20 12:28:33,5419.52,36.9308471679687,51.593017578125,1001.77
24/10/20 12:33:35,5059.84,36.5582275390625,52.728271484375,1001.65
24/10/20 12:38:36,4974.08,36.2460327148437,53.985595703125,1001.5
24/10/20 12:43:38,4399.36,35.9237670898437,55.04150390625,1001.5
24/10/20 12:48:39,4209.92,35.6619262695312,56.097412109375,1001.46
24/10/20 12:53:41,4113.92,35.5813598632812,56.488037109375,1001.36
24/10/20 12:58:42,4112.64,35.4403686523437,57.049560546875,1001.2
24/10/20 13:03:43,4115.2,35.4202270507812,57.049560546875,1001.12
24/10/20 13:08:45,4070.4,35.2792358398437,57.5439453125,1000.93
24/10/20 13:13:46,4102.4,35.2389526367187,57.940673828125,1000.81
24/10/20 13:18:48,4130.56,35.16845703125,57.91015625,1000.85
24/10/20 13:23:49,4171.52,35.0677490234375,58.502197265625,1000.72
24/10/20 13:28:51,4181.76,35.4202270507812,57.2509765625,1000.6
24/10/20 13:33:52,4317.44,35.16845703125,57.318115234375,1000.46
24/10/20 13:38:53,4512,35.087890625,57.8125,1000.36
24/10/20 13:43:55,4738.56,35.0979614257812,58.0078125,1000.23
24/10/20 13:48:56,4945.92,35.128173828125,58.203125,1000.19
24/10/20 13:53:58,5015.04,35.1785278320312,58.3984375,1000.09
24/10/20 13:58:59,4933.12,35.4605102539062,57.8369140625,999.98
24/10/20 14:04:01,4839.68,35.3195190429687,58.038330078125,999.89
24/10/20 14:09:02,4684.8,35.047607421875,58.990478515625,999.75
24/10/20 14:14:03,4723.2,34.9267578125,59.649658203125,999.63
24/10/20 14:19:05,4792.32,34.9771118164062,59.77783203125,999.44
24/10/20 14:24:06,4833.28,35.087890625,59.58251953125,999.31
24/10/20 14:29:08,4815.36,35.1181030273437,59.283447265625,999.28
24/10/20 14:34:09,5227.52,35.2188110351562,58.990478515625,999.24
24/10/20 14:39:11,5624.32,35.0274658203125,59.48486328125,999.15
24/10/20 14:44:12,5463.04,35.0677490234375,59.48486328125,999.12
24/10/20 14:49:14,5980.16,35.2792358398437,59.21630859375,999.11
24/10/20 14:54:15,4513.28,35.208740234375,59.48486328125,999.04
24/10/20 14:59:16,4561.92,35.047607421875,60.07080078125,998.97
24/10/20 15:04:18,5182.72,35.1483154296875,59.77783203125,998.95
24/10/20 15:09:19,6302.72,35.3094482421875,59.11865234375,998.79
24/10/20 15:14:21,7134.72,35.49072265625,58.721923828125,998.81
24/10/20 15:19:22,7488,35.732421875,57.867431640625,998.61
24/10/20 15:24:24,7142.4,35.7626342773437,58.062744140625,998.45
24/10/20 15:29:25,7137.28,35.772705078125,57.672119140625,998.44
24/10/20 15:34:27,6935.04,35.7424926757812,57.672119140625,998.43
24/10/20 15:39:28,7114.24,35.9942626953125,57.110595703125,998.32
24/10/20 15:44:30,7198.72,36.0043334960937,57.403564453125,998.3
24/10/20 15:49:31,6346.24,35.853271484375,57.696533203125,998.28
24/10/20 15:54:32,5703.68,35.8029174804687,57.672119140625,998.19
24/10/20 15:59:34,5406.72,35.5914306640625,58.160400390625,998.16
24/10/20 16:04:35,5790.72,35.772705078125,57.672119140625,998.26
24/10/20 16:09:37,6154.24,35.81298828125,57.598876953125,998.17
24/10/20 16:14:38,6886.4,35.8331298828125,57.501220703125,998.21
24/10/20 16:19:40,8437.76,35.9237670898437,57.305908203125,998.18
24/10/20 16:24:41,7265.28,36.5582275390625,55.389404296875,998.15
24/10/20 16:29:43,7498.24,36.45751953125,55.682373046875,998.19
24/10/20 16:34:44,5027.84,36.9711303710937,53.961181640625,998.15
24/10/20 16:39:46,4977.92,36.0345458984375,56.8115234375,998.12
24/10/20 16:44:47,4989.44,36.0244750976562,56.9091796875,998
24/10/20 16:49:48,4480,35.9136962890625,57.208251953125,998.05
24/10/20 16:54:50,4186.88,35.7122802734375,57.867431640625,998.07
24/10/20 16:59:51,3991.04,35.6619262695312,58.160400390625,998.04
24/10/20 17:04:53,3808,35.4302978515625,58.721923828125,998.02
24/10/20 17:09:54,3864.32,35.3900146484375,59.11865234375,997.93
24/10/20 17:14:56,3832.32,35.6417846679687,57.867431640625,997.9
24/10/20 17:19:57,3810.56,35.6417846679687,58.26416015625,997.94
24/10/20 17:24:59,3713.28,35.369873046875,58.92333984375,997.95
24/10/20 17:30:00,3655.68,35.0576782226562,60.07080078125,997.98
24/10/20 17:35:01,3582.72,34.68505859375,61.224365234375,998.01
24/10/20 17:40:03,3463.68,34.483642578125,62.274169921875,998.16
24/10/20 17:45:04,3262.72,34.4534301757812,62.371826171875,998.02
24/10/20 17:50:06,3073.28,34.3829345703125,62.664794921875,998.04
24/10/20 17:55:07,2869.76,34.5037841796875,62.371826171875,998.06
24/10/20 18:00:09,2504.96,34.4232177734375,62.664794921875,997.99
24/10/20 18:05:10,2245.12,34.403076171875,62.567138671875,998.04
24/10/20 18:10:11,2016,34.3728637695312,62.664794921875,998.03
24/10/20 18:15:13,1734.4,34.2117309570312,63.616943359375,998.24
24/10/20 18:20:14,1383.04,34.1412353515625,64.306640625,998.21
24/10/20 18:25:16,1089.28,34.080810546875,64.501953125,998.29
24/10/20 18:30:17,788.48,33.8995361328125,64.862060546875,998.3
24/10/20 18:35:19,518.24,33.8088989257812,65.155029296875,998.41
24/10/20 18:40:20,309.92,33.3053588867187,66.85791015625,998.51
24/10/20 18:45:21,166.8,32.6608276367187,69.244384765625,998.65
24/10/20 18:50:23,83.56,32.952880859375,68.10302734375,998.72
24/10/20 18:55:24,41.58,32.8118896484375,68.5546875,998.71
24/10/20 19:00:26,14.53,32.6205444335937,69.439697265625,998.9
24/10/20 19:05:27,4.16,32.4896240234375,69.793701171875,999.02
24/10/20 19:10:29,1.52,32.308349609375,70.5810546875,999.09
24/10/20 19:15:30,0.88,32.3184204101562,70.7763671875,999.19
24/10/20 19:20:31,0.8,31.986083984375,71.71630859375,999.38
24/10/20 19:25:33,0.8,32.1572875976562,71.61865234375,999.42
24/10/20 19:30:34,0.8,31.986083984375,72.113037109375,999.56
24/10/20 19:35:36,0.8,31.9760131835937,72.601318359375,999.7
24/10/20 19:40:37,0.8,31.94580078125,72.601318359375,999.76
24/10/20 19:45:39,0.8,31.94580078125,72.113037109375,999.84
24/10/20 19:50:40,0.8,31.8954467773437,72.076416015625,999.94
24/10/20 19:55:41,0.8,31.78466796875,71.978759765625,999.97
24/10/20 20:00:43,0.8,31.8450927734375,71.588134765625,1000.17
24/10/20 20:05:44,0.8,31.8450927734375,71.588134765625,1000.26
24/10/20 20:10:46,0.8,31.8350219726562,71.392822265625,1000.35
24/10/20 20:15:47,0.8,31.7645263671875,70.703125,1000.38
24/10/20 20:20:49,0.8,31.905517578125,70.5078125,1000.54
24/10/20 20:25:50,0.8,32.0465087890625,69.76318359375,1000.6
24/10/20 20:30:51,0.8,31.9357299804687,69.7265625,1000.77
24/10/20 20:35:53,0.8,31.9155883789062,69.53125,1000.81
24/10/20 20:40:54,0.8,31.94580078125,69.27490234375,1000.95
24/10/20 20:45:56,0.8,32.0565795898437,68.682861328125,1001.04
24/10/20 20:50:57,0.8,32.1371459960937,68.487548828125,1001.2
24/10/20 20:55:59,0.8,32.1673583984375,68.292236328125,1001.26
24/10/20 21:01:00,0.8,32.2378540039062,67.901611328125,1001.36
24/10/20 21:06:02,0.8,32.3385620117187,67.840576171875,1001.43
24/10/20 21:11:03,0.8,32.26806640625,68.487548828125,1001.47
24/10/20 21:16:05,0.8,32.388916015625,68.133544921875,1001.63
24/10/20 21:21:06,0.88,32.42919921875,68.231201171875,1001.6
24/10/20 21:26:08,0.8,32.509765625,68.231201171875,1001.76
24/10/20 21:31:09,0.8,32.5802612304687,68.359375,1001.79
24/10/20 21:36:10,0.8,32.6104736328125,68.5546875,1001.8
24/10/20 21:41:12,0.8,32.6608276367187,68.75,1001.92
24/10/20 21:46:13,0.8,32.6608276367187,69.049072265625,1001.93
24/10/20 21:51:15,0.72,32.630615234375,69.146728515625,1002.09
24/10/20 21:56:16,0.72,32.6104736328125,69.342041015625,1002.11
24/10/20 22:01:18,0.56,32.6104736328125,69.830322265625,1002.09
24/10/20 22:06:19,0.4,32.5802612304687,70.416259765625,1002.2
25/10/20 00:03:07,0.64,32.0867919921875,73.187255859375,1002.08
25/10/20 00:08:08,0.64,31.94580078125,73.284912109375,1001.96
25/10/20 00:13:10,0.56,31.8753051757812,73.931884765625,1001.89
25/10/20 00:18:11,0.56,31.9155883789062,73.541259765625,1001.88
25/10/20 00:23:13,0.32,31.986083984375,73.480224609375,1001.84
25/10/20 00:28:14,0.32,32.2882080078125,72.5341796875,1001.77
25/10/20 00:33:16,0.32,32.3486328125,72.2412109375,1001.75
25/10/20 00:38:17,0.32,32.26806640625,72.698974609375,1001.89
25/10/20 00:43:19,0.32,31.8954467773437,74.810791015625,1001.89
25/10/20 00:48:20,0.32,31.7645263671875,75.006103515625,1001.79
25/10/20 00:53:21,0.24,31.865234375,74.810791015625,1001.76
25/10/20 00:58:23,0.24,31.9760131835937,73.870849609375,1001.86
25/10/20 01:03:24,0.32,31.94580078125,74.163818359375,1001.92
25/10/20 01:08:26,0.32,31.8753051757812,74.127197265625,1001.86
25/10/20 01:13:27,0.32,31.9659423828125,73.773193359375,1001.82
25/10/20 01:18:29,0.32,31.9155883789062,73.150634765625,1001.82
25/10/20 01:23:30,0.32,31.5631103515625,75.2685546875,1001.77
25/10/20 01:28:31,0.32,31.5731811523437,74.871826171875,1001.71
25/10/20 01:33:33,0.32,31.2005615234375,76.20849609375,1001.61
25/10/20 01:38:34,0.24,31.2307739257812,76.30615234375,1001.61
25/10/20 01:43:36,0.24,31.3113403320312,76.30615234375,1001.67
25/10/20 01:48:37,0.24,31.502685546875,75.5615234375,1001.64
25/10/20 01:53:39,0.24,31.5328979492187,75.8544921875,1001.57
25/10/20 01:58:40,0.24,31.54296875,75.5615234375,1001.48
25/10/20 02:03:41,0.24,31.5631103515625,75.6591796875,1001.48
25/10/20 02:08:43,0.24,31.5731811523437,75.7568359375,1001.55
25/10/20 02:13:44,0.24,31.5328979492187,75.8544921875,1001.5
25/10/20 02:18:46,0.24,31.6537475585937,75.6591796875,1001.47
25/10/20 02:23:47,0.24,31.6940307617187,75.50048828125,1001.47
25/10/20 02:28:49,0.24,31.78466796875,75.30517578125,1001.56
25/10/20 02:33:50,0.24,31.7645263671875,75.20751953125,1001.51
25/10/20 02:38:52,0.24,31.7544555664062,75.30517578125,1001.46
25/10/20 02:43:53,0.32,31.7645263671875,75.40283203125,1001.5
25/10/20 02:48:54,0.32,31.7645263671875,75.40283203125,1001.5
25/10/20 02:53:56,0.32,31.7947387695312,75.30517578125,1001.37
25/10/20 02:58:57,0.32,31.7947387695312,75.20751953125,1001.29
25/10/20 03:03:59,0.32,31.8954467773437,74.713134765625,1001.25
25/10/20 03:09:00,0.32,31.8954467773437,74.615478515625,1001.15
25/10/20 03:14:02,0.32,31.8753051757812,74.517822265625,1001.14
25/10/20 03:19:03,0.4,31.7242431640625,70.3125,1001.19
25/10/20 03:24:05,0.32,31.6940307617187,68.1640625,1001.34
25/10/20 03:29:06,0.32,31.4724731445312,67.24853515625,1001.31
25/10/20 03:34:07,0.32,31.3113403320312,68.194580078125,1001.21
25/10/20 03:39:09,0.32,31.2005615234375,68.780517578125,1001.27
25/10/20 03:44:10,0.32,31.0696411132812,69.659423828125,1001.24
25/10/20 03:49:12,0.32,30.9588623046875,69.921875,1001.2
25/10/20 03:54:13,0.32,30.8480834960937,70.99609375,1001.16
25/10/20 03:59:15,0.32,30.7272338867187,71.58203125,1001.24
25/10/20 04:04:16,0.32,30.7574462890625,71.77734375,1001.43
25/10/20 04:09:18,0.32,30.6063842773437,71.93603515625,1001.5
25/10/20 04:14:19,0.32,30.4351806640625,72.13134765625,1001.4
25/10/20 04:19:20,0.32,30.535888671875,72.32666015625,1001.34
25/10/20 04:24:22,0.32,30.4150390625,73.01025390625,1001.31
25/10/20 04:29:23,0.32,30.4754638671875,72.81494140625,1001.28
25/10/20 04:34:25,0.32,30.4351806640625,73.40087890625,1001.38
25/10/20 04:39:26,0.32,30.294189453125,74.0478515625,1001.34
25/10/20 04:44:28,0.32,30.5258178710937,73.69384765625,1001.23
25/10/20 04:49:29,0.32,30.133056640625,75.018310546875,1001.33
25/10/20 04:54:31,0.32,30.3646850585937,74.5361328125,1001.32
25/10/20 04:59:32,0.32,30.4049682617187,74.67041015625,1001.26
25/10/20 05:04:34,0.32,30.3646850585937,74.6337890625,1001.34
25/10/20 05:09:35,0.32,30.213623046875,74.9267578125,1001.27
25/10/20 05:14:36,0.24,30.294189453125,74.9267578125,1001.28
25/10/20 05:19:38,0.24,30.1934814453125,75.213623046875,1001.14
25/10/20 05:24:39,0.24,30.213623046875,75.115966796875,1001.14
25/10/20 05:29:41,0.24,30.2639770507812,75.115966796875,1001.25
25/10/20 05:34:42,0.24,30.2639770507812,75.213623046875,1001.29
25/10/20 05:39:44,0.24,30.294189453125,75.213623046875,1001.36
25/10/20 05:44:45,0.24,30.213623046875,75.506591796875,1001.5
25/10/20 05:49:46,0.24,30.2639770507812,75.408935546875,1001.54
25/10/20 05:54:48,0.24,30.2337646484375,75.506591796875,1001.57
25/10/20 05:59:49,0.24,30.2639770507812,75.311279296875,1001.55
25/10/20 06:04:51,0.24,30.1632690429687,75.701904296875,1001.54
25/10/20 06:09:52,0.24,30.25390625,75.408935546875,1001.54
25/10/20 06:14:54,0.24,30.2236938476562,75.506591796875,1001.62
25/10/20 06:19:55,0.4,30.1934814453125,75.311279296875,1001.58
25/10/20 06:24:57,0.8,30.1632690429687,75.311279296875,1001.72
25/10/20 06:29:58,2.48,30.1632690429687,75.604248046875,1001.8
25/10/20 06:35:00,8.66,30.213623046875,75.213623046875,1001.85
25/10/20 06:40:01,27.55,30.1834106445312,75.311279296875,1001.82
25/10/20 06:45:02,70.04,30.133056640625,75.408935546875,1001.89
25/10/20 06:50:04,182.96,30.133056640625,75.408935546875,1001.92
25/10/20 06:55:05,402.88,30.1834106445312,75.311279296875,1001.93
25/10/20 07:00:07,659.52,30.2337646484375,75.018310546875,1002
25/10/20 07:05:08,996.8,30.3848266601562,74.4384765625,1001.99
25/10/20 07:10:10,1344.64,30.4855346679687,73.98681640625,1002
25/10/20 07:15:11,1640.32,30.6365966796875,73.49853515625,1002
25/10/20 07:20:12,1792.64,30.7473754882812,73.2421875,1002.11
25/10/20 07:25:14,1932.16,30.8984375,72.65625,1002.07
25/10/20 07:30:15,2223.36,31.0696411132812,72.003173828125,1002.05
25/10/20 07:35:17,2487.04,31.220703125,71.612548828125,1001.99
25/10/20 07:40:18,2860.8,31.3717651367187,70.965576171875,1002.16
25/10/20 07:45:20,3276.8,31.6033935546875,70.086669921875,1002.14
25/10/20 07:50:21,3591.68,31.78466796875,69.43359375,1002.2
25/10/20 07:55:23,4001.28,32.0162963867187,68.682861328125,1002.34
25/10/20 08:00:24,4316.16,32.1371459960937,68.194580078125,1002.33
25/10/20 08:05:25,4488.96,32.308349609375,67.63916015625,1002.3
25/10/20 08:10:27,4967.68,32.509765625,67.05322265625,1002.4
25/10/20 08:15:28,5713.92,32.7313232421875,66.302490234375,1002.53
25/10/20 08:20:30,6494.72,33.07373046875,65.0634765625,1002.52
25/10/20 08:25:31,7938.56,33.5269165039062,63.751220703125,1002.61
25/10/20 08:30:33,8130.56,33.9901733398437,62.213134765625,1002.65
25/10/20 08:35:34,9635.84,34.4937133789062,60.699462890625,1002.59
25/10/20 08:40:36,11755.52,35.128173828125,58.892822265625,1002.73
25/10/20 08:45:37,12446.72,35.9942626953125,56.317138671875,1002.76
25/10/20 08:50:39,10449.92,36.376953125,55.194091796875,1002.77
25/10/20 08:55:40,8993.28,36.4373779296875,55.194091796875,1002.85
25/10/20 09:00:42,7918.08,36.3467407226562,55.364990234375,1002.82
25/10/20 09:05:43,7948.8,36.2057495117187,55.755615234375,1002.95
25/10/20 09:10:44,8778.24,36.3467407226562,55.364990234375,1003.05
25/10/20 09:15:46,9592.32,36.5481567382812,54.79736328125,1002.97
25/10/20 09:20:47,12523.52,36.94091796875,53.668212890625,1003.03
25/10/20 09:25:49,9827.84,37.1221923828125,52.874755859375,1002.99
25/10/20 09:30:50,9694.72,37.0819091796875,52.777099609375,1003.05
25/10/20 09:35:52,9950.72,37.0516967773437,52.874755859375,1003.1
25/10/20 09:40:53,10567.68,37.42431640625,51.81884765625,1002.98
25/10/20 10:57:38,16942.08,41.654052734375,38.690185546875,1002.38
25/10/20 11:02:39,15088.64,42.6510620117188,36.273193359375,1002.26
25/10/20 11:06:10,13440,42.7114868164063,35.87646484375,1002.27
25/10/20 11:11:12,11397.12,42.7316284179688,35.577392578125,1002.18
25/10/20 11:16:13,9735.68,42.379150390625,35.65673828125,1002.25
25/10/20 11:21:14,9745.92,42.0468139648438,36.43798828125,1002.13
25/10/20 11:26:16,9768.96,42.0166015625,36.53564453125,1002.16
25/10/20 11:31:17,10383.36,40.3146362304688,38.5009765625,1002.04
25/10/20 11:36:19,10736.64,40.5059814453125,38.31787109375,1002.02
25/10/20 11:41:20,10603.52,41.2008666992188,37.164306640625,1001.97
25/10/20 11:46:22,11509.76,41.412353515625,37.078857421875,1002.01
25/10/20 11:51:23,11719.68,41.4627075195313,37.078857421875,1002.02
25/10/20 11:56:24,11069.44,41.331787109375,36.77978515625,1001.84
25/10/20 12:01:26,11212.8,41.1404418945313,37.261962890625,1001.89
25/10/20 12:06:27,11095.04,40.8987426757813,37.841796875,1001.66
25/10/20 12:11:29,11069.44,40.8181762695313,38.140869140625,1001.64
25/10/20 12:16:30,11171.84,40.5764770507813,37.823486328125,1001.59
25/10/20 12:21:32,10705.92,40.526123046875,38.31787109375,1001.41
25/10/20 12:26:33,10091.52,40.5764770507813,38.616943359375,1001.31
25/10/20 12:31:34,9881.6,40.4354858398438,39.093017578125,1001.22
25/10/20 12:36:36,9873.92,40.4153442382813,39.48974609375,1001.2
25/10/20 12:41:37,9505.28,40.4354858398438,39.093017578125,1001.12
25/10/20 12:46:39,9082.88,40.2139282226563,39.093017578125,1001.03
25/10/20 12:51:40,8860.16,39.9017333984375,39.453125,1000.97
25/10/20 12:56:42,7833.6,40.042724609375,39.373779296875,1000.87
25/10/20 13:01:43,7198.72,39.5895385742187,40.521240234375,1000.76
25/10/20 13:06:45,7093.76,39.5291137695312,40.12451171875,1000.73
25/10/20 13:11:46,7070.72,39.4586181640625,40.228271484375,1000.63
25/10/20 13:16:48,6763.52,39.1363525390625,41.790771484375,1000.47
25/10/20 13:21:49,6853.12,38.87451171875,41.9677734375,1000.44
25/10/20 13:26:50,6837.76,38.8140869140625,42.54150390625,1000.32
25/10/20 13:31:52,6786.56,38.6831665039062,42.63916015625,1000.25
25/10/20 13:36:53,7193.6,38.7234497070312,42.54150390625,1000.28
25/10/20 13:41:55,7656.96,38.6227416992187,41.754150390625,1000.1
25/10/20 13:46:56,8010.24,38.7939453125,42.34619140625,1000.02
26/10/20 01:28:42,0.48,29.4784545898437,81.09130859375,1000.92
26/10/20 05:14:39,0.32,31.87530517578125,71.295166015625,999.93
26/10/20 05:15:40,0.32,31.93572998046875,71.783447265625,1000.02
26/10/20 05:16:42,0.32,31.89544677734375,71.490478515625,999.99
26/10/20 05:17:43,0.32,31.91558837890625,71.295166015625,1000.1
26/10/20 05:18:45,0.32,31.97601318359375,71.42333984375,1000.05
26/10/20 05:19:46,0.32,31.79473876953125,71.392822265625,1000.12
26/10/20 05:20:47,0.32,31.53289794921875,72.137451171875,1000.1
26/10/20 05:21:49,0.32,31.35162353515625,72.723388671875,1000.17
26/10/20 05:22:50,0.32,31.35162353515625,72.918701171875,1000.19
26/10/20 05:23:52,0.32,31.341552734375,72.723388671875,1000.11
26/10/20 05:24:53,0.32,31.25091552734375,72.882080078125,1000.06
26/10/20 05:25:55,0.32,31.23077392578125,72.784423828125,1000.08
26/10/20 05:26:56,0.32,31.31134033203125,72.686767578125,1000.06
26/10/20 05:27:57,0.32,31.23077392578125,72.589111328125,1000.17
26/10/20 05:28:59,0.32,31.23077392578125,72.686767578125,1000.02
26/10/20 05:30:00,0.32,31.2811279296875,72.979736328125,1000.13
26/10/20 05:31:02,0.32,31.15020751953125,73.370361328125,1000.1
26/10/20 05:32:03,0.32,31.0394287109375,73.858642578125,1000.11
26/10/20 05:33:04,0.32,31.00921630859375,74.0234375,1000.12
26/10/20 05:34:06,0.32,31.099853515625,74.053955078125,1000.11
26/10/20 05:35:07,0.32,31.180419921875,73.760986328125,1000.09
26/10/20 05:36:09,0.32,31.19049072265625,73.663330078125,1000.16
26/10/20 05:37:10,0.32,31.25091552734375,73.468017578125,1000.14
26/10/20 05:38:12,0.32,31.180419921875,73.272705078125,1000.02
26/10/20 05:39:13,0.32,30.97900390625,73.73046875,1000.06
26/10/20 05:40:14,0.32,31.02935791015625,73.828125,999.95
26/10/20 05:41:16,0.32,30.81787109375,74.12109375,1000.03
26/10/20 05:42:17,0.32,30.78765869140625,74.51171875,999.93
26/10/20 05:43:19,0.32,30.74737548828125,74.609375,999.91
26/10/20 05:44:20,0.32,30.74737548828125,75.0,999.89
26/10/20 05:45:22,0.32,30.697021484375,74.8046875,999.94
26/10/20 05:46:23,0.32,30.58624267578125,75.347900390625,1000.01
26/10/20 05:47:24,0.32,30.58624267578125,75.347900390625,1000.07
26/10/20 05:48:26,0.32,30.50567626953125,75.445556640625,1000.22
26/10/20 05:49:27,0.32,30.455322265625,75.738525390625,1000.41
26/10/20 05:50:29,0.32,30.40496826171875,75.836181640625,1000.43
26/10/20 05:51:30,0.32,30.50567626953125,75.640869140625,1000.42
26/10/20 05:52:32,0.32,30.50567626953125,75.543212890625,1000.41
26/10/20 05:53:33,0.32,30.4351806640625,75.347900390625,1000.48
26/10/20 05:54:34,0.32,30.4754638671875,75.445556640625,1000.56
26/10/20 05:55:36,0.32,30.44525146484375,75.250244140625,1000.54
26/10/20 05:56:37,0.32,30.50567626953125,75.347900390625,1000.46
26/10/20 05:57:39,0.32,30.50567626953125,75.250244140625,1000.44
26/10/20 05:58:40,0.32,30.52581787109375,74.86572265625,1000.42
26/10/20 05:59:41,0.32,30.36468505859375,74.9267578125,1000.39
26/10/20 06:00:43,0.32,30.374755859375,75.311279296875,1000.45
26/10/20 06:01:44,0.32,30.26397705078125,74.6337890625,1000.44
26/10/20 06:02:46,0.32,30.213623046875,75.506591796875,1000.46
26/10/20 06:03:47,0.32,30.25390625,75.213623046875,1000.37
26/10/20 06:04:49,0.32,30.30426025390625,74.9267578125,1000.37
26/10/20 06:05:50,0.32,30.374755859375,74.9267578125,1000.31
26/10/20 06:06:51,0.32,30.40496826171875,74.47509765625,1000.24
26/10/20 06:07:53,0.32,30.294189453125,74.5361328125,1000.28
26/10/20 06:08:54,0.32,30.2337646484375,75.115966796875,1000.25
26/10/20 06:09:56,0.32,30.30426025390625,75.018310546875,1000.32
26/10/20 06:10:57,0.32,30.36468505859375,74.6337890625,1000.41
26/10/20 06:11:59,0.32,30.36468505859375,74.9267578125,1000.36
26/10/20 06:13:00,0.32,30.4150390625,74.67041015625,1000.46
26/10/20 06:14:01,0.32,30.4150390625,74.57275390625,1000.59
26/10/20 06:15:03,0.48,30.455322265625,74.27978515625,1000.75
26/10/20 06:16:04,0.32,30.4754638671875,74.18212890625,1000.79
26/10/20 06:17:06,0.32,30.52581787109375,74.08447265625,1000.86
26/10/20 06:18:07,0.32,30.52581787109375,73.88916015625,1000.9
26/10/20 06:19:09,0.32,30.5560302734375,73.98681640625,1000.98
26/10/20 06:20:10,0.32,30.535888671875,73.98681640625,1001.06
26/10/20 06:21:11,0.32,30.52581787109375,74.08447265625,1001.06
26/10/20 06:22:13,0.32,30.48553466796875,74.18212890625,1001.14
26/10/20 06:23:14,0.32,30.50567626953125,74.08447265625,1001.12
26/10/20 06:24:16,0.32,30.52581787109375,74.08447265625,1001.17
26/10/20 06:25:17,0.32,30.535888671875,73.98681640625,1001.1
26/10/20 06:26:19,0.4,30.52581787109375,74.08447265625,1001.1
26/10/20 06:27:20,0.4,30.5560302734375,74.08447265625,1001.1
26/10/20 06:28:21,0.4,30.535888671875,73.79150390625,1001.07
26/10/20 06:29:23,0.4,30.535888671875,73.98681640625,1001.02
26/10/20 06:30:24,0.4,30.5560302734375,73.98681640625,1001.04
26/10/20 06:31:26,0.48,30.535888671875,73.88916015625,1001.03
26/10/20 06:32:27,0.48,30.535888671875,73.79150390625,1001.12
26/10/20 06:33:29,0.56,30.5560302734375,73.88916015625,1001.09
26/10/20 06:34:30,0.72,30.52581787109375,73.98681640625,1001.12
26/10/20 06:35:31,0.8,30.50567626953125,73.88916015625,1001.03
26/10/20 06:36:33,0.88,30.40496826171875,73.88916015625,1001.1
26/10/20 06:37:34,1.04,30.30426025390625,74.6337890625,1001.08
26/10/20 06:38:36,1.2,30.38482666015625,74.5361328125,1001.05
26/10/20 06:39:37,1.44,30.4351806640625,74.47509765625,1001.13
26/10/20 06:40:39,1.68,30.44525146484375,74.47509765625,1001.13
26/10/20 06:41:40,2.0,30.50567626953125,74.27978515625,1001.22
26/10/20 06:42:41,2.32,30.56610107421875,74.18212890625,1001.11
26/10/20 06:43:43,2.88,30.58624267578125,74.08447265625,1001.05
26/10/20 06:44:44,3.36,30.58624267578125,73.98681640625,1001.04
26/10/20 06:45:46,3.84,30.5963134765625,73.98681640625,1001.04
26/10/20 06:46:47,4.32,30.5963134765625,73.98681640625,1001.1
26/10/20 06:47:49,4.96,30.5963134765625,73.79150390625,1001.14
26/10/20 06:48:50,5.53,30.60638427734375,73.79150390625,1001.11
26/10/20 06:49:52,6.41,30.5963134765625,73.79150390625,1001.13
26/10/20 06:50:53,7.3,30.52581787109375,73.88916015625,1001.13
26/10/20 06:51:54,8.42,30.56610107421875,73.98681640625,1001.11
26/10/20 06:52:56,9.63,30.62652587890625,73.79150390625,1001.17
26/10/20 06:53:57,11.24,30.5560302734375,73.98681640625,1001.18
26/10/20 06:54:59,13.25,30.56610107421875,73.88916015625,1001.11
26/10/20 06:56:00,15.66,30.62652587890625,73.79150390625,1001.14
26/10/20 06:57:02,18.23,30.6365966796875,73.69384765625,1001.17
26/10/20 06:58:03,20.88,30.62652587890625,73.69384765625,1001.16
26/10/20 06:59:04,23.37,30.65673828125,73.69384765625,1001.33
26/10/20 07:00:06,25.7,30.60638427734375,73.79150390625,1001.29
26/10/20 11:02:28,4682.24,32.8521728515625,69.537353515625,1003.1
26/10/20 11:07:29,4779.52,33.275146484375,68.524169921875,1003.07
26/10/20 11:12:31,5237.76,33.3758544921875,67.938232421875,1002.97
26/10/20 11:17:32,5649.92,33.30535888671875,68.524169921875,1003.03
26/10/20 11:22:33,5662.72,33.52691650390625,67.578125,1003.05
26/10/20 11:27:35,4902.400000000001,33.55712890625,67.48046875,1003.01
26/10/20 11:32:36,4967.68,33.36578369140625,68.133544921875,1003.0
26/10/20 11:35:25,5639.68,33.516845703125,67.67578125,1002.95
26/10/20 11:40:26,5452.8,34.37286376953125,64.239501953125,1002.85
26/10/20 11:45:28,6763.52,34.725341796875,63.580322265625,1002.72
26/10/20 11:50:29,6008.32,34.77569580078125,63.385009765625,1002.72
26/10/20 11:55:31,5736.96,34.7454833984375,63.482666015625,1002.78
26/10/20 12:00:32,4825.6,34.65484619140625,63.482666015625,1002.81
26/10/20 12:05:34,5108.4800000000005,34.4635009765625,64.337158203125,1002.76
26/10/20 12:10:35,5370.88,34.43328857421875,64.239501953125,1002.69
26/10/20 12:15:37,5800.96,34.3426513671875,64.208984375,1002.65
26/10/20 12:20:38,5708.8,34.403076171875,64.141845703125,1002.66
26/10/20 12:25:40,5200.64,34.27215576171875,63.909912109375,1002.5
26/10/20 12:30:41,5235.2,34.2822265625,63.909912109375,1002.44
26/10/20 12:35:42,4652.8,34.3023681640625,64.208984375,1002.4
26/10/20 12:40:44,6110.72,34.43328857421875,63.7451171875,1002.37
26/10/20 12:45:45,6433.28,34.71527099609375,62.6953125,1002.2
26/10/20 12:50:47,5888.0,34.77569580078125,62.40234375,1002.15
26/10/20 12:55:48,5053.4400000000005,34.77569580078125,62.3046875,1002.08
26/10/20 13:00:50,2924.8,34.23187255859375,64.111328125,1002.06
26/10/20 13:05:51,7449.6,34.564208984375,63.2568359375,1001.97
26/10/20 13:10:53,9075.2,34.89654541015625,62.3046875,1001.93
26/10/20 13:15:54,9382.4,35.31951904296875,60.888671875,1001.88
26/10/20 13:20:56,8860.16,35.66192626953125,59.735107421875,1001.74
26/10/20 13:25:57,6031.36,35.4705810546875,60.198974609375,1001.64
26/10/20 13:30:59,6876.16,35.208740234375,60.955810546875,1001.52
26/10/20 13:36:00,8583.68,35.5511474609375,60.1318359375,1001.43
26/10/20 13:41:01,8565.76,35.92376708984375,58.978271484375,1001.41
26/10/20 13:46:03,7951.360000000001,35.78277587890625,59.246826171875,1001.33
26/10/20 13:51:04,7247.360000000001,35.84320068359375,58.880615234375,1001.3
26/10/20 13:56:06,7715.84,35.772705078125,59.051513671875,1001.1
26/10/20 14:01:07,7429.12,35.732421875,59.344482421875,1001.08
26/10/20 14:06:09,7406.08,35.56121826171875,60.0341796875,1000.97
26/10/20 14:11:10,6282.24,36.175537109375,58.221435546875,1001.01
26/10/20 14:16:12,7170.56,36.1553955078125,58.514404296875,1000.97
26/10/20 14:21:13,6269.4400000000005,36.29638671875,57.92236328125,1000.81
26/10/20 14:26:14,6415.360000000001,36.42730712890625,56.964111328125,1000.78
26/10/20 14:31:16,5831.68,36.336669921875,56.939697265625,1000.71
26/10/20 14:36:17,5573.12,36.4373779296875,56.768798828125,1000.54
26/10/20 14:41:19,5100.8,36.175537109375,58.02001953125,1000.46
26/10/20 14:46:20,4907.52,36.3970947265625,57.061767578125,1000.36
26/10/20 14:51:22,3678.7200000000003,36.1553955078125,57.92236328125,1000.35
26/10/20 14:56:23,3214.08,35.84320068359375,59.66796875,1000.19
26/10/20 15:01:25,4509.4400000000005,35.853271484375,59.375,1000.17
26/10/20 15:06:26,4738.56,36.0345458984375,58.09326171875,1000.11
26/10/20 15:11:27,4222.72,36.02447509765625,58.48388671875,999.95
26/10/20 15:16:29,4546.56,35.84320068359375,59.075927734375,999.92
26/10/20 15:21:30,4650.24,35.772705078125,59.8388671875,999.87
26/10/20 15:26:32,4599.04,35.66192626953125,60.1318359375,999.73
26/10/20 15:31:33,4570.88,35.74249267578125,59.8388671875,999.81
26/10/20 15:36:35,4517.12,35.35980224609375,61.181640625,999.79
26/10/20 15:41:36,4261.12,35.2490234375,61.480712890625,999.67
26/10/20 15:46:38,3969.28,35.16845703125,61.8408203125,999.45
26/10/20 15:51:39,4170.24,35.2691650390625,61.578369140625,999.46
26/10/20 15:56:41,3979.52,35.23895263671875,61.285400390625,999.4
26/10/20 16:01:42,4115.2,34.99725341796875,61.2548828125,999.28
26/10/20 16:06:44,4039.6800000000003,34.97711181640625,61.7431640625,999.17
26/10/20 16:11:45,3755.52,34.93682861328125,61.4501953125,999.04
26/10/20 16:16:46,3747.84,34.89654541015625,61.614990234375,998.91
26/10/20 16:21:48,3420.16,34.75555419921875,62.20703125,998.95
26/10/20 16:26:49,3481.6,34.71527099609375,62.3046875,998.95
26/10/20 16:31:51,3503.36,34.725341796875,62.40234375,998.89
26/10/20 16:36:52,3403.52,34.71527099609375,62.6953125,998.86
26/10/20 16:41:54,3329.28,34.68505859375,62.20703125,998.72
26/10/20 16:46:55,3080.96,34.564208984375,61.883544921875,998.75
